{"cameraMode":{"drawMode":0,"name":"Shaded","section":"Shading Mode"},"sceneLighting":false,"audioPlay":false,"sceneViewState":{"showFog":true,"showMaterialUpdate":false,"showSkybox":false,"showFlares":true,"showImageEffects":true,"showParticleSystems":true},"in2DMode":false,"pivot":{"x":-0.14919213950634004,"y":-0.5109051465988159,"z":-6.603106498718262},"rotation":{"x":0.01649596355855465,"y":-0.017696287482976915,"z":0.00033790513407438993,"w":0.9997353553771973},"size":1.0392305850982667,"orthographic":false}