{"cameraMode":{"drawMode":0,"name":"Shaded","section":"Shading Mode"},"sceneLighting":false,"audioPlay":false,"sceneViewState":{"showFog":true,"showMaterialUpdate":false,"showSkybox":false,"showFlares":true,"showImageEffects":true,"showParticleSystems":true},"in2DMode":false,"pivot":{"x":2.75374174118042,"y":-1.639232873916626,"z":-0.942615807056427},"rotation":{"x":-0.11187494546175003,"y":-0.040843404829502109,"z":0.004562040790915489,"w":-0.9929062128067017},"size":3.9247446060180666,"orthographic":false}