{"cameraMode":{"drawMode":0,"name":"Shaded","section":"Shading Mode"},"sceneLighting":false,"audioPlay":false,"sceneViewState":{"showFog":true,"showMaterialUpdate":false,"showSkybox":false,"showFlares":true,"showImageEffects":true,"showParticleSystems":true},"in2DMode":false,"pivot":{"x":2.1684770584106447,"y":5.3300557136535648,"z":1.992232322692871},"rotation":{"x":-0.013046236708760262,"y":0.9431135058403015,"z":-0.03738367557525635,"w":-0.3303529620170593},"size":3.4980759620666506,"orthographic":false}