{"cameraMode":{"drawMode":0,"name":"Shaded","section":"Shading Mode"},"sceneLighting":false,"audioPlay":false,"sceneViewState":{"showFog":true,"showMaterialUpdate":false,"showSkybox":false,"showFlares":true,"showImageEffects":true,"showParticleSystems":true},"in2DMode":false,"pivot":{"x":-0.6000000238418579,"y":1.17036771774292,"z":1.7136335372924806e-7},"rotation":{"x":0.10560585558414459,"y":-0.8067501783370972,"z":0.151810422539711,"w":0.5612112283706665},"size":1.4324235916137696,"orthographic":false}